Event_ID,District,Zipcode,coordinate_X,coordinate_Y,Type
11893656,chamberi,28010,439412,4476170,['CursosTalleres']
11951201,usera,28026,439486,4470667,['Musica']
11942368,fuencarral-el pardo,28029,439867,4481122,['RecitalesPresentacionesActosLiterarios']
11885588,carabanchel,28025,438758,4471886,['CursosTalleres']
11835158,villaverde,28021,439286,4466819,['ExcursionesItinerariosVisitas']
11958859,retiro,28007,441967,4474495,['TeatroPerformance']
11932870,vicalvaro,28032,448357,4472920,['Musica']
11939206,villa de vallecas,28031,446579,4469157,['CursosTalleres']
11913908,retiro,28007,442345,4474221,['ConferenciasColoquios']
11934565,usera,28026,439248,4469889,"['DanzaBaile', 'FolcloreEtnica']"
11946331,centro,28013,439775,4473962,['CursosTalleres']
11956011,hortaleza,28043,444461,4482397,['ConcursosCertamenes']
11939507,centro,28013,439289,4473597,['TeatroPerformance']
11920627,retiro,28007,441277,4474496,['CursosTalleres']
11956706,villa de vallecas,28031,448550,4470424,['ConferenciasColoquios']
11934599,salamanca,28001,441476,4475151,['CuentacuentosTiteresMarionetas']
11942100,vicalvaro,28032,447278,4472321,['DanzaBaile']
11920596,retiro,28007,441277,4474496,['CursosTalleres']
11950901,arganzuela,28045,440946,4471422,['ProgramacionDestacadaAgendaCultura']
11951858,latina,28044,434222,4472418,"['DanzaBaile', 'FolcloreEtnica']"
11946443,vicalvaro,28032,449367,4473005,['1ciudad21distritos']
11944531,fuencarral-el pardo,28029,438850,4481314,['ComemoracionesHomenajes']
11923139,retiro,28007,441748,4474466,['CuentacuentosTiteresMarionetas']
11768178,centro,28013,439759,4475508,['ProgramacionDestacadaAgendaCultura']
11880251,fuencarral-el pardo,28029,441699,4482933,['ComemoracionesHomenajes']
11949320,moncloa-aravaca,28008,438185,4474331,['DanzaBaile']
11920630,retiro,28007,441277,4474496,['CursosTalleres']
11914604,retiro,28007,443307,4472652,['CursosTalleres']
11939059,carabanchel,28025,436243,4469562,['TeatroPerformance']
11937221,latina,28044,437830,4473132,['CuentacuentosTiteresMarionetas']
11957573,ciudad lineal,28037,444825,4475074,['ProgramacionDestacadaAgendaCultura']
11937608,fuencarral-el pardo,28029,439867,4481122,['ConferenciasColoquios']
11776601,san blas-canillejas,28022,448119,4477485,['CursosTalleres']
11941348,latina,28044,436432,4472601,['Musica']
11957453,san blas-canillejas,28022,449282,4477702,['DanzaBaile']
11940786,latina,28044,433786,4470559,"['Musica', 'LatinaEspanola']"
11900323,moncloa-aravaca,28008,437990,4474399,['CursosTalleres']
11920493,retiro,28007,441277,4474496,['ProgramacionDestacadaAgendaCultura']
11938932,carabanchel,28025,437813,4471853,['TeatroPerformance']
11906787,latina,28044,435330,4470783,['1ciudad21distritos']
11906762,san blas-canillejas,28022,447255,4474591,['1ciudad21distritos']
11850864,centro,28013,439759,4475508,['ProgramacionDestacadaAgendaCultura']
11941044,arganzuela,28045,440946,4471422,['ProgramacionDestacadaAgendaCultura']
11780613,san blas-canillejas,28022,447255,4474591,['DanzaBaile']
11900355,moncloa-aravaca,28008,437990,4474399,['CursosTalleres']
11912476,san blas-canillejas,28022,446636,4477644,['CursosTalleres']
11919123,latina,28044,436800,4471778,['CursosTalleres']
11941046,arganzuela,28045,440946,4471422,['ProgramacionDestacadaAgendaCultura']
11904088,moncloa-aravaca,28008,437990,4474399,['ExcursionesItinerariosVisitas']
11906354,retiro,28007,441967,4474495,['1ciudad21distritos']
11912358,san blas-canillejas,28022,446636,4477644,['CursosTalleres']
11912357,san blas-canillejas,28022,446636,4477644,['CursosTalleres']
11912294,san blas-canillejas,28022,446636,4477644,['CursosTalleres']
11911950,san blas-canillejas,28022,446636,4477644,['CursosTalleres']
11768262,centro,28013,439759,4475508,['ProgramacionDestacadaAgendaCultura']
11921888,usera,28026,439670,4470445,['Exposiciones']
11957712,chamartin,28002,443189,4479129,['CursosTalleres']
11934004,usera,28026,439248,4469889,"['DanzaBaile', 'FolcloreEtnica']"
11948235,fuencarral-el pardo,28029,441892,4485296,['CursosTalleres']
11936587,ciudad lineal,28037,444825,4475074,['ProgramacionDestacadaAgendaCultura']
11920496,retiro,28007,441277,4474496,['ProgramacionDestacadaAgendaCultura']
11887002,barajas,28042,449784,4480499,['CursosTalleres']
11939817,moratalaz,28030,444520,4473567,['CursosTalleres']
11805484,villaverde,28021,439286,4466819,['CursosTalleres']
11753677,villaverde,28021,439286,4466819,['CursosTalleres']
11890189,carabanchel,28025,438891,4472167,['ConferenciasColoquios']
11950676,centro,28013,440597,4474036,['TeatroPerformance']
11921873,usera,28026,439651,4470300,['Exposiciones']
11888008,chamartin,28002,443189,4479129,['CursosTalleres']
11888010,chamartin,28002,443189,4479129,['CursosTalleres']
11939714,moratalaz,28030,444520,4473567,['FiestasNavidadesReyes']
11950812,retiro,28007,443307,4472652,['CursosTalleres']
11950398,retiro,28007,443307,4472652,['CursosTalleres']
11884086,vicalvaro,28032,448473,4472636,['CursosTalleres']
11911635,villaverde,28021,441277,4466932,['CursosTalleres']
11951912,retiro,28007,441277,4474496,['ConferenciasColoquios']
11027064,fuencarral-el pardo,28029,441567,4484969,['ItinerariosOtrasActividadesAmbientales']
11932246,fuencarral-el pardo,28029,441567,4484969,['ItinerariosOtrasActividadesAmbientales']
10421053,fuencarral-el pardo,28029,441567,4484969,['CursosTalleres']
11768271,centro,28013,439759,4475508,['ProgramacionDestacadaAgendaCultura']
11768298,centro,28013,439759,4475508,['ProgramacionDestacadaAgendaCultura']
11893153,san blas-canillejas,28022,448534,4477771,['CursosTalleres']
11770063,centro,28013,439759,4475508,['DanzaBaile']
11946208,moncloa-aravaca,28008,433347,4478963,['Musica']
11951875,latina,28044,436432,4472601,['DanzaBaile']
11768373,centro,28013,439759,4475508,['ProgramacionDestacadaAgendaCultura']
11946508,moncloa-aravaca,28008,434663,4478596,['Musica']
11946654,hortaleza,28043,445579,4480884,['TeatroPerformance']
11954315,san blas-canillejas,28022,448023,4477305,['CineActividadesAudiovisuales']
11896733,retiro,28007,442345,4474221,['ConferenciasColoquios']
11950916,arganzuela,28045,440946,4471422,['ConferenciasColoquios']
11768319,centro,28013,439759,4475508,['ProgramacionDestacadaAgendaCultura']
11952563,latina,28044,434954,4472113,['ConferenciasColoquios']
11887286,fuencarral-el pardo,28029,441386,4482508,['ClubesLectura']
11942387,moratalaz,28030,445141,4473033,['CineActividadesAudiovisuales']
11883264,hortaleza,28043,444876,4479190,['CursosTalleres']
11907309,san blas-canillejas,28022,447255,4474591,['1ciudad21distritos']
11913903,retiro,28007,442345,4474221,['ConferenciasColoquios']
11957930,ciudad lineal,28037,444202,4478162,['Musica']
11946620,retiro,28007,441967,4474495,['TeatroPerformance']
11878752,arganzuela,28045,440723,4473051,['ProgramacionDestacadaAgendaCultura']
11934570,usera,28026,439248,4469889,"['DanzaBaile', 'FolcloreEtnica']"
11743698,salamanca,28001,441476,4475151,['TeatroPerformance']
11956631,puente de vallecas,28038,443393,4471901,['CircoMagia']
11940874,latina,28044,434222,4472418,['Exposiciones']
11693997,arganzuela,28045,440825,4471546,['Exposiciones']
11954295,arganzuela,28045,440946,4471422,['ConferenciasColoquios']
11951881,latina,28044,437830,4473132,"['DanzaBaile', 'FolcloreEtnica']"
11947040,arganzuela,28045,440946,4471422,['Campamentos']
11926792,retiro,28007,443564,4474129,['Campamentos']
11949115,villaverde,28021,441729,4467039,['Campamentos']
11961077,villaverde,28021,441066,4467547,"['Musica', 'LatinaEspanola']"
11957546,san blas-canillejas,28022,451431,4477509,['Musica']
11954884,san blas-canillejas,28022,448023,4477305,['CineActividadesAudiovisuales']
11939276,puente de vallecas,28038,442974,4470850,"['Musica', 'Flamenco']"
11957317,san blas-canillejas,28022,449282,4477702,['Musica']
11906576,puente de vallecas,28038,443950,4469433,['DanzaBaile']
11954279,arganzuela,28045,440946,4471422,['CineActividadesAudiovisuales']
11911938,san blas-canillejas,28022,446636,4477644,['CursosTalleres']
11957569,san blas-canillejas,28022,451431,4477509,['CircoMagia']
11910983,villa de vallecas,28031,448205,4469500,['CuentacuentosTiteresMarionetas']
11945835,vicalvaro,28032,449367,4473005,['1ciudad21distritos']
11946807,hortaleza,28043,444469,4482391,['Musica']
11937089,latina,28044,435819,4471933,['TeatroPerformance']
11938448,centro,28013,439759,4475508,['ProgramacionDestacadaAgendaCultura']
11939845,retiro,28007,442360,4473388,['ItinerariosOtrasActividadesAmbientales']
11938342,puente de vallecas,28038,443950,4469433,['CuentacuentosTiteresMarionetas']
11768391,centro,28013,439759,4475508,['ProgramacionDestacadaAgendaCultura']
11941139,arganzuela,28045,440723,4473051,['ProgramacionDestacadaAgendaCultura']
11875736,retiro,28007,441277,4474496,['ProgramacionDestacadaAgendaCultura']
11940867,latina,28044,434222,4472418,['Musica']
11953573,san blas-canillejas,28022,448023,4477305,['CineActividadesAudiovisuales']
11949088,latina,28044,435330,4470783,['DanzaBaile']
11934704,usera,28026,439248,4469889,"['DanzaBaile', 'FolcloreEtnica']"
11911984,centro,28013,439759,4475508,['ProgramacionDestacadaAgendaCultura']
11911992,centro,28013,439759,4475508,['ProgramacionDestacadaAgendaCultura']
11959180,centro,28013,440645,4475347,['ConferenciasColoquios']
11947098,carabanchel,28025,438758,4471886,['CursosTalleres']
11945068,arganzuela,28045,440676,4471620,['CursosTalleres']
11905906,villaverde,28021,441277,4466932,['1ciudad21distritos']
11920603,retiro,28007,441277,4474496,['CursosTalleres']
11956779,san blas-canillejas,28022,447255,4474591,['TeatroPerformance']
11944343,centro,28013,439593,4473220,['Musica']
11936796,villaverde,28021,441066,4467547,"['ConferenciasColoquios', 'Historia']"
11802180,retiro,28007,442345,4474221,['RecitalesPresentacionesActosLiterarios']
11802179,retiro,28007,442345,4474221,['RecitalesPresentacionesActosLiterarios']
11851662,retiro,28007,442345,4474221,['ConferenciasColoquios']
11938574,puente de vallecas,28038,444360,4471652,['CineActividadesAudiovisuales']
11944869,ciudad lineal,28037,445948,4476395,['CuentacuentosTiteresMarionetas']
11946816,moratalaz,28030,444520,4473567,['CineActividadesAudiovisuales']
11942581,arganzuela,28045,440946,4471422,['ProgramacionDestacadaAgendaCultura']
11914042,latina,28044,434954,4472113,['CineActividadesAudiovisuales']
11934477,hortaleza,28043,444461,4482397,['CineActividadesAudiovisuales']
11943048,arganzuela,28045,440946,4471422,['ProgramacionDestacadaAgendaCultura']
11932656,centro,28013,439723,4475438,['CineActividadesAudiovisuales']
11927233,ciudad lineal,28037,444705,4474959,['CineActividadesAudiovisuales']
11940958,arganzuela,28045,440946,4471422,['CursosTalleres']
11928759,villaverde,28021,441066,4467547,['CineActividadesAudiovisuales']
11929060,villaverde,28021,441066,4467547,['CineActividadesAudiovisuales']
11947240,villaverde,28021,442482,4466908,['CineActividadesAudiovisuales']
11938924,tetuan,28020,440258,4477792,['RecitalesPresentacionesActosLiterarios']
11939921,villaverde,28021,442001,4471735,['CircoMagia']
11941140,arganzuela,28045,440723,4473051,['ProgramacionDestacadaAgendaCultura']
11941856,tetuan,28020,440857,4480052,['TeatroPerformance']
11945032,fuencarral-el pardo,28029,439867,4481122,['CursosTalleres']
11896784,hortaleza,28043,444516,4479119,['DanzaBaile']
11942012,villaverde,28021,441277,4466932,['CursosTalleres']
11920039,retiro,28007,441277,4474496,['ProgramacionDestacadaAgendaCultura']
11941341,latina,28044,436432,4472601,['CircoMagia']
11923714,retiro,28007,441748,4474466,['CuentacuentosTiteresMarionetas']
11945514,moncloa-aravaca,28008,437516,4475994,['TeatroPerformance']
11957171,san blas-canillejas,28022,448148,4476402,['TeatroPerformance']
11761948,usera,28026,440472,4468702,['CursosTalleres']
11934561,usera,28026,439248,4469889,"['DanzaBaile', 'FolcloreEtnica']"
11940359,villaverde,28021,439286,4466819,['ClubesLectura']
11897795,centro,28013,440645,4475347,['ClubesLectura']
11885850,retiro,28007,443307,4472652,['ClubesLectura']
11884492,vicalvaro,28032,448473,4472636,['ClubesLectura']
11766997,retiro,28007,442527,4472618,['ClubesLectura']
11766777,retiro,28007,442527,4472618,['ClubesLectura']
11889791,centro,28013,439775,4473962,['ClubesLectura']
11889789,centro,28013,439775,4473962,['ClubesLectura']
11889790,centro,28013,439775,4473962,['ClubesLectura']
11767096,retiro,28007,442527,4472618,['ClubesLectura']
11883438,hortaleza,28043,444876,4479190,['ClubesLectura']
11952164,centro,28013,439775,4473962,['ClubesLectura']
11940505,ciudad lineal,28037,444580,4477056,['ClubesLectura']
11891830,fuencarral-el pardo,28029,439867,4481122,['ClubesLectura']
11934562,usera,28026,439248,4469889,"['DanzaBaile', 'FolcloreEtnica']"
11954292,arganzuela,28045,440946,4471422,['ConferenciasColoquios']
11885828,carabanchel,28025,438758,4471886,['CursosTalleres']
11912324,san blas-canillejas,28022,446636,4477644,['CursosTalleres']
11912318,san blas-canillejas,28022,446636,4477644,['CursosTalleres']
11937210,villa de vallecas,28031,446579,4469157,['CursosTalleres']
11934280,usera,28026,439248,4469889,"['DanzaBaile', 'FolcloreEtnica']"
11951909,retiro,28007,441277,4474496,['ConferenciasColoquios']
11939892,latina,28044,435330,4470783,['ComemoracionesHomenajes']
11950603,chamberi,28010,439412,4476170,['ComemoracionesHomenajes']
11612483,chamartin,28002,442656,4477714,['Musica']
11119597,chamartin,28002,442656,4477714,['Musica']
11694220,chamartin,28002,442656,4477714,['Musica']
11944936,chamartin,28002,442656,4477714,['Musica']
11612460,chamartin,28002,442656,4477714,['Musica']
11940772,salamanca,28001,441502,4475253,"['Musica', 'CantautorFolkCountry']"
10959156,chamartin,28002,442656,4477714,['Musica']
11952298,centro,28013,439452,4474125,['FiestasSemanaSanta']
11897447,centro,28013,440680,4473775,['Musica']
11897452,centro,28013,440680,4473775,['Musica']
11897473,centro,28013,440680,4473775,['Musica']
11945049,fuencarral-el pardo,28029,439867,4481122,['Musica']
11906629,hortaleza,28043,444516,4479119,['1ciudad21distritos']
11940762,latina,28044,435330,4470783,['ProgramacionDestacadaAgendaCultura']
11955363,puente de vallecas,28038,443950,4469433,['Musica']
11955900,hortaleza,28043,444461,4482397,['CuentacuentosTiteresMarionetas']
11327553,chamartin,28002,442656,4477714,['Musica']
11944194,tetuan,28020,440857,4480052,['TeatroPerformance']
11940036,tetuan,28020,440628,4478947,['CursosTalleres']
11956051,arganzuela,28045,440946,4471422,['Exposiciones']
10590577,chamartin,28002,442656,4477714,['ConferenciasColoquios']
11232151,chamartin,28002,442656,4477714,['ConferenciasColoquios']
11957365,san blas-canillejas,28022,448119,4477485,['ConferenciasColoquios']
11947088,retiro,28007,442527,4472618,['ConferenciasColoquios']
11947071,retiro,28007,442527,4472618,['ConferenciasColoquios']
11947057,retiro,28007,442527,4472618,['ConferenciasColoquios']
11947086,retiro,28007,442527,4472618,['ConferenciasColoquios']
11947065,retiro,28007,442527,4472618,['ConferenciasColoquios']
11947072,retiro,28007,442527,4472618,['ConferenciasColoquios']
11947059,retiro,28007,442527,4472618,['ConferenciasColoquios']
11947092,retiro,28007,442527,4472618,['ConferenciasColoquios']
11876301,centro,28013,439691,4473738,['ConferenciasColoquios']
11875710,centro,28013,439691,4473738,['ConferenciasColoquios']
11878254,centro,28013,439691,4473738,['ConferenciasColoquios']
11878525,centro,28013,439691,4473738,['ConferenciasColoquios']
11878269,centro,28013,439691,4473738,['ConferenciasColoquios']
11878805,centro,28013,439691,4473738,['ConferenciasColoquios']
11939934,villaverde,28021,441066,4467547,['ConferenciasColoquios']
11940485,tetuan,28020,440258,4477792,['RecitalesPresentacionesActosLiterarios']
11698141,centro,28013,439723,4475437,['Exposiciones']
11933777,usera,28026,439248,4469889,"['DanzaBaile', 'FolcloreEtnica']"
11933523,usera,28026,439248,4469889,"['DanzaBaile', 'FolcloreEtnica']"
11947171,ciudad lineal,28037,444580,4477056,['CursosTalleres']
11950341,hortaleza,28043,444876,4479190,['CursosTalleres']
11959804,latina,28044,434954,4472113,['RecitalesPresentacionesActosLiterarios']
11948207,fuencarral-el pardo,28029,441892,4485296,['CursosTalleres']
11948231,fuencarral-el pardo,28029,441892,4485296,['CursosTalleres']
11923717,arganzuela,28045,440825,4471546,['TeatroPerformance']
11954938,centro,28013,440474,4473465,['ConferenciasColoquios']
11843069,centro,28013,439759,4475508,['ProgramacionDestacadaAgendaCultura']
11957981,barajas,28042,447867,4478996,['ActividadesDeportivas']
11941332,latina,28044,436432,4472601,"['Musica', 'LatinaEspanola']"
11942299,moratalaz,28030,445141,4473033,['Musica']
11945163,moratalaz,28030,445550,4472286,['Musica']
11945167,moratalaz,28030,445269,4472956,['Musica']
11939317,puente de vallecas,28038,444360,4471652,['Musica']
11939923,latina,28044,433786,4470559,['ComemoracionesHomenajes']
11931846,san blas-canillejas,28022,448023,4477305,"['Musica', 'CoroGospel']"
11609505,villaverde,28021,441277,4466932,['Musica']
11943096,arganzuela,28045,440586,4471782,['Musica']
11944266,arganzuela,28045,440979,4472617,['Musica']
11693939,arganzuela,28045,440825,4471546,['TeatroPerformance']
11896731,retiro,28007,442345,4474221,['ConferenciasColoquios']
11934695,usera,28026,439248,4469889,"['DanzaBaile', 'FolcloreEtnica']"
11934326,usera,28026,439248,4469889,"['DanzaBaile', 'FolcloreEtnica']"
11934696,usera,28026,439248,4469889,"['DanzaBaile', 'FolcloreEtnica']"
11942033,villaverde,28021,441277,4466932,['CursosTalleres']
11939577,puente de vallecas,28038,442974,4470850,"['Musica', 'Flamenco']"
11920445,retiro,28007,441277,4474496,['ProgramacionDestacadaAgendaCultura']
11919120,hortaleza,28043,444516,4479119,['Exposiciones']
11937048,latina,28044,434222,4472418,['TeatroPerformance']
11958617,salamanca,28001,441476,4475151,['ProgramacionDestacadaAgendaCultura']
11957610,villa de vallecas,28031,448550,4470424,['Musica']
11952937,centro,28013,440597,4474036,['TeatroPerformance']
11958035,retiro,28007,442345,4474221,['RecitalesPresentacionesActosLiterarios']
10585492,chamartin,28002,442656,4477714,['FiestasNavidadesReyes']
11910490,villa de vallecas,28031,447107,4470075,['TeatroPerformance']
11944855,hortaleza,28043,444461,4482397,['CuentacuentosTiteresMarionetas']
11938928,carabanchel,28025,438232,4470949,['TeatroPerformance']
11944860,san blas-canillejas,28022,448214,4476029,['CuentacuentosTiteresMarionetas']
11914643,retiro,28007,443307,4472652,['ActividadesDeportivas']
11953489,arganzuela,28045,440946,4471422,['ProgramacionDestacadaAgendaCultura']
11941694,salamanca,28001,442103,4475356,['CursosTalleres']
11946869,hortaleza,28043,444469,4482391,['Musica']
11950892,arganzuela,28045,440946,4471422,['ProgramacionDestacadaAgendaCultura']
11951845,latina,28044,435330,4470783,['DanzaBaile']
11768379,centro,28013,439759,4475508,['ProgramacionDestacadaAgendaCultura']
11735892,salamanca,28001,441476,4475151,['ProgramacionDestacadaAgendaCultura']
11934703,usera,28026,439248,4469889,"['DanzaBaile', 'FolcloreEtnica']"
11951330,latina,28044,435330,4470783,['DanzaBaile']
11940483,tetuan,28020,440258,4477792,['RecitalesPresentacionesActosLiterarios']
11788734,centro,28013,439723,4475437,['Exposiciones']
11601773,fuencarral-el pardo,28029,439894,4481167,['ExcursionesItinerariosVisitas']
11664959,fuencarral-el pardo,28029,439894,4481167,['ExcursionesItinerariosVisitas']
11950549,fuencarral-el pardo,28029,441386,4482508,['CursosTalleres']
11888036,fuencarral-el pardo,28029,441386,4482508,['CursosTalleres']
11885925,retiro,28007,443307,4472652,['CursosTalleres']
11947144,vicalvaro,28032,448473,4472636,['CursosTalleres']
11884025,vicalvaro,28032,448473,4472636,['CursosTalleres']
11913767,villaverde,28021,439286,4466819,['CursosTalleres']
11911921,san blas-canillejas,28022,446636,4477644,['CursosTalleres']
11912246,san blas-canillejas,28022,446636,4477644,['CursosTalleres']
11890811,moratalaz,28030,444520,4473567,['FiestasNavidadesReyes']
11912336,san blas-canillejas,28022,446636,4477644,['CursosTalleres']
11912335,san blas-canillejas,28022,446636,4477644,['CursosTalleres']
11911891,san blas-canillejas,28022,446636,4477644,['CursosTalleres']
11949583,usera,28026,441188,4469184,['Exposiciones']
11954290,arganzuela,28045,440946,4471422,['ConferenciasColoquios']
11939857,puente de vallecas,28038,443950,4469433,"['Musica', 'Flamenco']"
11947003,villa de vallecas,28031,446579,4469157,['CursosTalleres']
11951942,moncloa-aravaca,28008,439102,4478967,['ExcursionesItinerariosVisitas']
11951454,moncloa-aravaca,28008,439102,4478967,['ExcursionesItinerariosVisitas']
11027070,fuencarral-el pardo,28029,441567,4484969,['ItinerariosOtrasActividadesAmbientales']
11932055,usera,28026,440301,4469524,['CursosTalleres']
11932062,usera,28026,440301,4469524,['CursosTalleres']
11932101,usera,28026,440301,4469524,['CursosTalleres']
11932186,usera,28026,440301,4469524,['RecitalesPresentacionesActosLiterarios']
11932159,usera,28026,440301,4469524,['ActividadesCalleArteUrbano']
11292731,fuencarral-el pardo,28029,438848,4482487,['CursosTalleres']
11768310,centro,28013,439759,4475508,['RecitalesPresentacionesActosLiterarios']
11906752,hortaleza,28043,444516,4479119,['1ciudad21distritos']
11768274,centro,28013,439759,4475508,['ProgramacionDestacadaAgendaCultura']
11957155,san blas-canillejas,28022,448148,4476402,['TeatroPerformance']
11894828,san blas-canillejas,28022,448214,4476029,['CursosTalleres']
11941526,moratalaz,28030,444520,4473567,['CineActividadesAudiovisuales']
11693847,centro,28013,440597,4474036,['TeatroPerformance']
11954286,arganzuela,28045,440946,4471422,['ProgramacionDestacadaAgendaCultura']
11958635,villa de vallecas,28031,448550,4470424,['ConferenciasColoquios']
11907371,vicalvaro,28032,448357,4472920,['1ciudad21distritos']
11938420,carabanchel,28025,439136,4471474,['Musica']
11941080,latina,28044,435819,4471933,"['Musica', 'Zarzuela']"
11942578,arganzuela,28045,440946,4471422,['ProgramacionDestacadaAgendaCultura']
11942576,arganzuela,28045,440946,4471422,['ProgramacionDestacadaAgendaCultura']
11693990,arganzuela,28045,440825,4471546,['TeatroPerformance']
11884473,vicalvaro,28032,448473,4472636,['CursosTalleres']
11953540,san blas-canillejas,28022,448023,4477305,['CineActividadesAudiovisuales']
11941385,latina,28044,433622,4470101,['CircoMagia']
11956828,san blas-canillejas,28022,448148,4476402,['TeatroPerformance']
11930749,hortaleza,28043,444516,4479119,['TeatroPerformance']
11944116,arganzuela,28045,440946,4471422,['ProgramacionDestacadaAgendaCultura']
11884524,vicalvaro,28032,448473,4472636,['TeatroPerformance']
11950379,retiro,28007,443307,4472652,['CursosTalleres']
11945061,villa de vallecas,28031,447138,4469889,['ConferenciasColoquios']
11942138,chamartin,28002,441962,4479867,['ConferenciasColoquios']
11959954,retiro,28007,441967,4474495,['ConferenciasColoquios']
11952039,latina,28044,435330,4470783,['FiestasSemanaSanta']
10595800,fuencarral-el pardo,28029,439894,4481167,['CuentacuentosTiteresMarionetas']
10876077,fuencarral-el pardo,28029,441892,4485296,['CuentacuentosTiteresMarionetas']
11124724,fuencarral-el pardo,28029,441699,4482933,['CuentacuentosTiteresMarionetas']
10595786,fuencarral-el pardo,28029,438848,4482487,['CuentacuentosTiteresMarionetas']
11946821,retiro,28007,442812,4472042,['TeatroPerformance']
11956652,centro,28013,440645,4475347,['TeatroPerformance']
11944364,fuencarral-el pardo,28029,441892,4485296,['RecitalesPresentacionesActosLiterarios']
11914472,villa de vallecas,28031,447581,4470145,['1ciudad21distritos']
11768367,centro,28013,439759,4475508,['ProgramacionDestacadaAgendaCultura']
11884634,arganzuela,28045,440676,4471620,['Musica']
11941713,san blas-canillejas,28022,448534,4477771,['CineActividadesAudiovisuales']
11959821,latina,28044,434954,4472113,['RecitalesPresentacionesActosLiterarios']
11944081,retiro,28007,442345,4474221,['RecitalesPresentacionesActosLiterarios']
11958673,villa de vallecas,28031,448550,4470424,['TeatroPerformance']
11768283,centro,28013,439759,4475508,['ConferenciasColoquios']
11942391,moratalaz,28030,445141,4473033,['CineActividadesAudiovisuales']
11957702,villa de vallecas,28031,448550,4470424,['TeatroPerformance']
11664955,fuencarral-el pardo,28029,439894,4481167,['ConferenciasColoquios']
11921814,usera,28026,441247,4469238,['TeatroPerformance']
11958018,centro,28013,441134,4473558,['Exposiciones']
11911332,villa de vallecas,28031,447581,4470145,['ActividadesCalleArteUrbano']
11939711,puente de vallecas,28038,442974,4470850,['TeatroPerformance']
11945064,villaverde,28021,441277,4466932,['CineActividadesAudiovisuales']
11875100,usera,28026,440301,4469524,['Exposiciones']
11785996,centro,28013,440550,4475251,['ExcursionesItinerariosVisitas']
11921794,usera,28026,439670,4470445,['TeatroPerformance']
11949299,centro,28013,440645,4475347,['ConferenciasColoquios']
11949296,centro,28013,440645,4475347,['ConferenciasColoquios']
11957521,san blas-canillejas,28022,451431,4477509,['TeatroPerformance']
11907480,villa de vallecas,28031,447107,4470075,['Exposiciones']
11693975,arganzuela,28045,440825,4471546,['TeatroPerformance']
10926474,fuencarral-el pardo,28029,441567,4484969,['ItinerariosOtrasActividadesAmbientales']
11946141,tetuan,28020,440628,4478947,['CursosTalleres']
11921843,usera,28026,439879,4469031,['Musica']
11941440,salamanca,28001,443760,4474815,['ClubesLectura']
11693864,centro,28013,440597,4474036,['TeatroPerformance']
11939591,puente de vallecas,28038,444360,4471652,['TeatroPerformance']
11912004,arganzuela,28045,440723,4473051,['ProgramacionDestacadaAgendaCultura']
11920598,retiro,28007,441277,4474496,['CursosTalleres']
11957898,tetuan,28020,440857,4480052,['Exposiciones']
11957962,tetuan,28020,439755,4478779,['Exposiciones']
11940713,latina,28044,437830,4473132,['ComemoracionesHomenajes']
11910435,villa de vallecas,28031,447107,4470075,['Musica']
11946467,hortaleza,28043,444516,4479119,"['Musica', 'JazzSoulFunkySwingReagge']"
11909730,carabanchel,28025,438758,4471886,['CursosTalleres']
11835497,vicalvaro,28032,448473,4472636,['CursosTalleres']
11939480,moratalaz,28030,444520,4473567,['CursosTalleres']
11939078,villa de vallecas,28031,446579,4469157,['CursosTalleres']
11947081,barajas,28042,449784,4480499,['CursosTalleres']
11768268,centro,28013,439759,4475508,['ConferenciasColoquios']
11957948,villa de vallecas,28031,447107,4470075,['TeatroPerformance']
11951901,arganzuela,28045,440828,4471551,['CursosTalleres']
10595744,fuencarral-el pardo,28029,438850,4481314,['CuentacuentosTiteresMarionetas']
10859533,fuencarral-el pardo,28029,441233,4481384,['CuentacuentosTiteresMarionetas']
11941901,arganzuela,28045,440676,4471620,['CursosTalleres']
11765510,arganzuela,28045,440825,4471546,['ProgramacionDestacadaAgendaCultura']
11765043,centro,28013,440597,4474036,['ProgramacionDestacadaAgendaCultura']
11958097,retiro,28007,442345,4474221,['ConferenciasColoquios']
11945011,chamartin,28002,443189,4479129,['CursosTalleres']
11896771,hortaleza,28043,444516,4479119,['DanzaBaile']
11931806,san blas-canillejas,28022,447255,4474591,['Exposiciones']
11939908,puente de vallecas,28038,442974,4470850,['ActividadesCalleArteUrbano']
11913914,retiro,28007,442345,4474221,['ConferenciasColoquios']
11885357,carabanchel,28025,438758,4471886,['CursosTalleres']
11913906,retiro,28007,442345,4474221,['ConferenciasColoquios']
11940760,latina,28044,435330,4470783,['ProgramacionDestacadaAgendaCultura']
11951333,latina,28044,435330,4470783,['DanzaBaile']
11768328,centro,28013,439759,4475508,['ConferenciasColoquios']
11900371,centro,28013,439759,4475508,['ConferenciasColoquios']
11768277,centro,28013,439759,4475508,['ProgramacionDestacadaAgendaCultura']
11920447,retiro,28007,441277,4474496,['ProgramacionDestacadaAgendaCultura']
11944421,arganzuela,28045,440979,4472617,['CursosTalleres']
11884100,vicalvaro,28032,448473,4472636,['CursosTalleres']
11843894,fuencarral-el pardo,28029,441386,4482508,['CursosTalleres']
11712404,arganzuela,28045,440714,4471656,['CursosTalleres']
11913989,hortaleza,28043,444867,4479203,['ConferenciasColoquios']
11913990,hortaleza,28043,444867,4479203,['ConferenciasColoquios']
11939552,moratalaz,28030,444520,4473567,['CursosTalleres']
11883877,hortaleza,28043,444876,4479190,['ComemoracionesHomenajes']
11944014,carabanchel,28025,438758,4471886,['CursosTalleres']
11883418,moratalaz,28030,444520,4473567,['CursosTalleres']
11941580,moratalaz,28030,444520,4473567,['CursosTalleres']
11738884,latina,28044,433786,4470559,['Musica']
11940528,latina,28044,433622,4470101,['ComemoracionesHomenajes']
11693984,arganzuela,28045,440825,4471546,['DanzaBaile']
10926495,fuencarral-el pardo,28029,441567,4484969,['ItinerariosOtrasActividadesAmbientales']
11925464,villaverde,28021,440472,4465148,['Exposiciones']
11909961,centro,28013,440550,4475251,['Exposiciones']
11944811,fuencarral-el pardo,28029,434105,4485730,['Exposiciones']
11961062,villaverde,28021,441460,4466191,['Exposiciones']
11944807,barajas,28042,450174,4478461,['Exposiciones']
11921902,usera,28026,440579,4470866,['Exposiciones']
11937618,fuencarral-el pardo,28029,439867,4481122,['Exposiciones']
11945023,villaverde,28021,442001,4471735,['Exposiciones']
11944372,fuencarral-el pardo,28029,441892,4485296,['Exposiciones']
11941190,fuencarral-el pardo,28029,441699,4482933,['Exposiciones']
11880471,fuencarral-el pardo,28029,441233,4481384,['Exposiciones']
11951168,villaverde,28021,441066,4467547,['Exposiciones']
11867331,centro,28013,440550,4475251,['Exposiciones']
11947252,villaverde,28021,441277,4466932,['Exposiciones']
11630658,san blas-canillejas,28022,447255,4474591,['Exposiciones']
11947592,moncloa-aravaca,28008,433347,4478963,['Exposiciones']
11948463,ciudad lineal,28037,445948,4476395,['Exposiciones']
11752002,usera,28026,441188,4469184,['Exposiciones']
11855005,centro,28013,440550,4475251,['Exposiciones']
11912169,fuencarral-el pardo,28029,439867,4481122,['Exposiciones']
11912131,ciudad lineal,28037,444705,4474959,['Exposiciones']
11912113,carabanchel,28025,437014,4470566,['Exposiciones']
11912116,centro,28013,440645,4475347,['Exposiciones']
11950067,latina,28044,434954,4472113,['Exposiciones']
11944462,centro,28013,439813,4475439,['Exposiciones']
11944719,centro,28013,439775,4473962,['Exposiciones']
11887789,latina,28044,436800,4471778,['ActividadesDeportivas']
11910515,san blas-canillejas,28022,448214,4476029,['ConferenciasColoquios']
10631717,fuencarral-el pardo,28029,439894,4481167,['CursosTalleres']
11959737,puente de vallecas,28038,443393,4471901,['ActividadesCalleArteUrbano']
11945789,retiro,28007,441779,4473428,['Fiestas']
11947263,retiro,28007,441967,4474495,['RecitalesPresentacionesActosLiterarios']
11768280,centro,28013,439759,4475508,['ProgramacionDestacadaAgendaCultura']
11958535,fuencarral-el pardo,28029,439867,4481122,['CursosTalleres']
11958654,retiro,28007,442345,4474221,['ConferenciasColoquios']
11850349,arganzuela,28045,440723,4473051,['ProgramacionDestacadaAgendaCultura']
11939374,puente de vallecas,28038,443950,4469433,"['Musica', 'Flamenco']"
11951879,latina,28044,433622,4470101,"['DanzaBaile', 'Flamenco']"
11957914,villa de vallecas,28031,447107,4470075,"['Musica', 'Flamenco']"
11664757,fuencarral-el pardo,28029,439894,4481167,['ComemoracionesHomenajes']
11944294,arganzuela,28045,440979,4472617,['CineActividadesAudiovisuales']
11694003,arganzuela,28045,440825,4471546,['TeatroPerformance']
11937334,fuencarral-el pardo,28029,434105,4485730,"['TeatroPerformance', 'Performance']"
11951872,latina,28044,435819,4471933,"['DanzaBaile', 'FolcloreEtnica']"
11934611,retiro,28007,441277,4474496,['ProgramacionDestacadaAgendaCultura']
11934596,arganzuela,28045,440723,4473051,['ProgramacionDestacadaAgendaCultura']
11950899,arganzuela,28045,440946,4471422,['ProgramacionDestacadaAgendaCultura']
11958186,ciudad lineal,28037,445948,4476395,['Musica']
11693987,arganzuela,28045,440825,4471546,['TeatroPerformance']
11941020,arganzuela,28045,440946,4471422,['ProgramacionDestacadaAgendaCultura']
11947087,arganzuela,28045,440946,4471422,['ProgramacionDestacadaAgendaCultura']
11947091,arganzuela,28045,440946,4471422,['ProgramacionDestacadaAgendaCultura']
11947089,arganzuela,28045,440946,4471422,['ProgramacionDestacadaAgendaCultura']
11947090,arganzuela,28045,440946,4471422,['ProgramacionDestacadaAgendaCultura']
11727570,centro,28013,440597,4474036,['ProgramacionDestacadaAgendaCultura']
11292795,fuencarral-el pardo,28029,438848,4482487,['CursosTalleres']
11957977,ciudad lineal,28037,444202,4478162,"['Musica', 'CantautorFolkCountry']"
11937370,fuencarral-el pardo,28029,434105,4485730,['Musica']
11885834,retiro,28007,443307,4472652,['CursosTalleres']
11893073,san blas-canillejas,28022,448534,4477771,['CursosTalleres']
11953768,san blas-canillejas,28022,448023,4477305,['CineActividadesAudiovisuales']
11952933,centro,28013,440597,4474036,['TeatroPerformance']
11944226,arganzuela,28045,440979,4472617,['Musica']
11884444,vicalvaro,28032,448473,4472636,['CursosTalleres']
11941383,latina,28044,436800,4471778,['CursosTalleres']
11921962,tetuan,28020,440328,4477957,['CursosTalleres']
11803793,vicalvaro,28032,448473,4472636,['CursosTalleres']
11950011,usera,28026,441188,4469184,['CursosTalleres']
11920273,usera,28026,441188,4469184,['CursosTalleres']
11721512,villaverde,28021,439286,4466819,['CursosTalleres']
11939106,villa de vallecas,28031,446579,4469157,['TeatroPerformance']
11932582,vicalvaro,28032,447278,4472321,['DanzaBaile']
11920440,retiro,28007,441277,4474496,['ProgramacionDestacadaAgendaCultura']
11933287,usera,28026,439248,4469889,"['DanzaBaile', 'FolcloreEtnica']"
11922328,vicalvaro,28032,447278,4472321,['ConferenciasColoquios']
11921259,arganzuela,28045,440676,4471620,['CursosTalleres']
11937783,arganzuela,28045,442152,4471501,['1ciudad21distritos']
11937026,latina,28044,435330,4470783,['TeatroPerformance']
11942720,carabanchel,28025,438758,4471886,['TeatroPerformance']
11912345,san blas-canillejas,28022,446636,4477644,['CursosTalleres']
11911963,san blas-canillejas,28022,446636,4477644,['CursosTalleres']
11884736,carabanchel,28025,438758,4471886,['CursosTalleres']
11941411,latina,28044,434982,4470177,['Exposiciones']
11950266,tetuan,28020,440328,4477957,['CursosTalleres']
11938454,puente de vallecas,28038,444360,4471652,['ConferenciasColoquios']
11939951,tetuan,28020,440857,4480052,['TeatroPerformance']
11920127,fuencarral-el pardo,28029,439867,4481122,['Exposiciones']
11859330,centro,28013,441134,4473558,['Exposiciones']
11880256,fuencarral-el pardo,28029,441699,4482933,['Musica']
11940221,arganzuela,28045,440676,4471620,['CursosTalleres']
11938065,villa de vallecas,28031,447122,4469857,['TeatroPerformance']
11099658,fuencarral-el pardo,28029,441233,4481384,['TeatroPerformance']
11957461,san blas-canillejas,28022,448119,4477485,['CuentacuentosTiteresMarionetas']
11890831,moratalaz,28030,444520,4473567,['CursosTalleres']
11890835,moratalaz,28030,444520,4473567,['CursosTalleres']
11943035,arganzuela,28045,440946,4471422,['ProgramacionDestacadaAgendaCultura']
11942566,arganzuela,28045,440946,4471422,['ProgramacionDestacadaAgendaCultura']
11943033,arganzuela,28045,440946,4471422,['ProgramacionDestacadaAgendaCultura']
11768331,centro,28013,439759,4475508,['ProgramacionDestacadaAgendaCultura']
11834955,retiro,28007,442345,4474221,['ConferenciasColoquios']
11834958,retiro,28007,442345,4474221,['ConferenciasColoquios']
11834975,retiro,28007,442345,4474221,['ConferenciasColoquios']
11934564,usera,28026,439248,4469889,"['DanzaBaile', 'FolcloreEtnica']"
11938576,puente de vallecas,28038,444360,4471652,['CineActividadesAudiovisuales']
11939901,puente de vallecas,28038,442974,4470850,['ActividadesCalleArteUrbano']
11735915,salamanca,28001,441476,4475151,['ActividadesCalleArteUrbano']
11786277,centro,28013,440597,4474036,['ProgramacionDestacadaAgendaCultura']
11862714,centro,28013,440597,4474036,['ProgramacionDestacadaAgendaCultura']
11786241,centro,28013,440597,4474036,['ProgramacionDestacadaAgendaCultura']
10862450,fuencarral-el pardo,28029,441567,4484969,['CursosTalleres']
10926092,fuencarral-el pardo,28029,441567,4484969,['CursosTalleres']
11911944,san blas-canillejas,28022,446636,4477644,['CursosTalleres']
11948974,villaverde,28021,441277,4466932,['CursosTalleres']
11955680,retiro,28007,441277,4474496,['ProgramacionDestacadaAgendaCultura']
11952238,chamberi,28010,439412,4476170,['CursosTalleres']
11959636,barajas,28042,449784,4480499,['CursosTalleres']
11958187,villa de vallecas,28031,448352,4470258,['ActividadesCalleArteUrbano']
11958526,centro,28013,439723,4475437,['Musica']
11958519,centro,28013,439723,4475437,['Musica']
11937996,villa de vallecas,28031,447122,4469857,['CineActividadesAudiovisuales']
11919152,latina,28044,436800,4471778,['CursosTalleres']
11933384,usera,28026,439248,4469889,"['DanzaBaile', 'FolcloreEtnica']"
11933664,usera,28026,439248,4469889,"['DanzaBaile', 'FolcloreEtnica']"
11942098,vicalvaro,28032,447278,4472321,['DanzaBaile']
11751423,usera,28026,439703,4468958,['CursosTalleres']
11768301,centro,28013,439759,4475508,['ProgramacionDestacadaAgendaCultura']
11663112,fuencarral-el pardo,28029,438848,4482487,['DanzaBaile']
11911966,san blas-canillejas,28022,446636,4477644,['DanzaBaile']
11735910,salamanca,28001,441476,4475151,['ProgramacionDestacadaAgendaCultura']
11912804,chamberi,28010,439741,4476139,['1ciudad21distritos']
11946863,hortaleza,28043,444469,4482391,['DanzaBaile']
10581943,fuencarral-el pardo,28029,441567,4484969,['CursosTalleres']
11768382,centro,28013,439759,4475508,['ProgramacionDestacadaAgendaCultura']
11911017,villa de vallecas,28031,448352,4470258,['ActividadesCalleArteUrbano']
11944704,barajas,28042,450961,4480464,['RecitalesPresentacionesActosLiterarios']
11946087,moncloa-aravaca,28008,433347,4478963,['Musica']
11945482,salamanca,28001,443760,4474815,"['Musica', 'CantautorFolkCountry']"
11934587,salamanca,28001,441476,4475151,['JOBO']
11920606,retiro,28007,441277,4474496,['CursosTalleres']
11920439,retiro,28007,441277,4474496,['ProgramacionDestacadaAgendaCultura']
11905912,tetuan,28020,440857,4480052,['1ciudad21distritos']
11931920,san blas-canillejas,28022,449282,4477702,['DanzaBaile']
11957811,retiro,28007,442345,4474221,['ConferenciasColoquios']
11945813,retiro,28007,441779,4473428,['Fiestas']
11944931,fuencarral-el pardo,28029,439867,4481122,['Musica']
11958065,villa de vallecas,28031,447138,4469889,['ConferenciasColoquios']
11779943,san blas-canillejas,28022,447255,4474591,['CongresosJornadas']
11780290,san blas-canillejas,28022,447255,4474591,['DanzaBaile']
11941593,salamanca,28001,443760,4474815,['Exposiciones']
11920602,retiro,28007,441277,4474496,['CursosTalleres']
11942101,vicalvaro,28032,447278,4472321,['DanzaBaile']
11912868,retiro,28007,441967,4474495,['1ciudad21distritos']
11934560,usera,28026,439248,4469889,"['DanzaBaile', 'FolcloreEtnica']"
11946804,carabanchel,28025,438758,4471886,['CineActividadesAudiovisuales']
11926741,arganzuela,28045,440723,4473051,['CursosTalleres']
11920441,retiro,28007,441277,4474496,['ProgramacionDestacadaAgendaCultura']
11768388,centro,28013,439759,4475508,['ProgramacionDestacadaAgendaCultura']
11768313,centro,28013,439759,4475508,['ProgramacionDestacadaAgendaCultura']
11862710,arganzuela,28045,440723,4473051,['ProgramacionDestacadaAgendaCultura']
11912840,chamartin,28002,442656,4477714,['1ciudad21distritos']
11748875,arganzuela,28045,440676,4471620,['CursosTalleres']
11768265,centro,28013,439759,4475508,['JOBO']
11950894,arganzuela,28045,440946,4471422,['ProgramacionDestacadaAgendaCultura']
11922862,retiro,28007,441748,4474466,['CuentacuentosTiteresMarionetas']
11958182,ciudad lineal,28037,445948,4476395,['TeatroPerformance']
11953604,san blas-canillejas,28022,448023,4477305,['CineActividadesAudiovisuales']
11292797,fuencarral-el pardo,28029,438848,4482487,['CursosTalleres']
11951863,latina,28044,434222,4472418,['DanzaBaile']
11912027,fuencarral-el pardo,28029,441699,4482933,['CuentacuentosTiteresMarionetas']
11955035,san blas-canillejas,28022,448023,4477305,['CineActividadesAudiovisuales']
11938980,carabanchel,28025,436243,4469562,['TeatroPerformance']
11942013,moratalaz,28030,445141,4473033,['TeatroPerformance']
11942563,arganzuela,28045,440946,4471422,['ProgramacionDestacadaAgendaCultura']
11944300,arganzuela,28045,440979,4472617,['CineActividadesAudiovisuales']
11932905,usera,28026,439519,4469689,['DanzaBaile']
11932901,usera,28026,439519,4469689,['DanzaBaile']
11932902,usera,28026,439519,4469689,['DanzaBaile']
11932900,usera,28026,439519,4469689,['DanzaBaile']
11932903,usera,28026,439519,4469689,['DanzaBaile']
11932904,usera,28026,439519,4469689,['DanzaBaile']
11932899,usera,28026,440301,4469524,['DanzaBaile']
11932897,usera,28026,440301,4469524,['DanzaBaile']
11944328,fuencarral-el pardo,28029,441892,4485296,['ComemoracionesHomenajes']
11908610,retiro,28007,441748,4474466,['CuentacuentosTiteresMarionetas']
11292804,fuencarral-el pardo,28029,438848,4482487,['CursosTalleres']
11292803,fuencarral-el pardo,28029,438848,4482487,['CursosTalleres']
11956054,hortaleza,28043,444354,4479394,['1ciudad21distritos']
11949293,centro,28013,440645,4475347,['ConferenciasColoquios']
11944357,arganzuela,28045,440979,4472617,['ConferenciasColoquios']
11693850,centro,28013,440597,4474036,['TeatroPerformance']
11926005,usera,28026,441188,4469184,['CuentacuentosTiteresMarionetas']
11785047,centro,28013,440645,4475347,['CuentacuentosTiteresMarionetas']
11594640,tetuan,28020,440857,4480052,['CuentacuentosTiteresMarionetas']
11937152,latina,28044,433622,4470101,['TeatroPerformance']
11790598,fuencarral-el pardo,28029,439894,4481167,['ConferenciasColoquios']
11950888,arganzuela,28045,440946,4471422,['ProgramacionDestacadaAgendaCultura']
11958618,villa de vallecas,28031,448550,4470424,['TeatroPerformance']
11944337,fuencarral-el pardo,28029,441892,4485296,['ComemoracionesHomenajes']
11292800,fuencarral-el pardo,28029,438848,4482487,['CursosTalleres']
11910202,villa de vallecas,28031,448550,4470424,['CircoMagia']
11896579,fuencarral-el pardo,28029,441233,4481384,['CuentacuentosTiteresMarionetas']
10595799,fuencarral-el pardo,28029,438850,4481314,['CuentacuentosTiteresMarionetas']
11896578,fuencarral-el pardo,28029,434105,4485730,['CuentacuentosTiteresMarionetas']
11932584,vicalvaro,28032,447278,4472321,['DanzaBaile']
11910468,villa de vallecas,28031,447107,4470075,['CineActividadesAudiovisuales']
11953436,san blas-canillejas,28022,448023,4477305,['CineActividadesAudiovisuales']
11943305,arganzuela,28045,440586,4471782,['Musica']
11883799,hortaleza,28043,444876,4479190,['CursosTalleres']
11955781,retiro,28007,442345,4474221,['RecitalesPresentacionesActosLiterarios']
11921771,usera,28026,440472,4468702,['CircoMagia']
11924066,arganzuela,28045,440723,4473051,['ProgramacionDestacadaAgendaCultura']
11937055,latina,28044,433786,4470559,['TeatroPerformance']
11292790,fuencarral-el pardo,28029,438848,4482487,['CursosTalleres']
11931873,san blas-canillejas,28022,449282,4477702,['TeatroPerformance']
11938964,carabanchel,28025,439136,4471474,['TeatroPerformance']
11913919,retiro,28007,442345,4474221,['ConferenciasColoquios']
11958717,villa de vallecas,28031,447107,4470075,['TeatroPerformance']
11953396,san blas-canillejas,28022,448023,4477305,['CineActividadesAudiovisuales']
11914469,arganzuela,28045,440713,4471660,['1ciudad21distritos']
11723055,centro,28013,439759,4475508,['ProgramacionDestacadaAgendaCultura']
11887550,fuencarral-el pardo,28029,441386,4482508,['CursosTalleres']
11959117,arganzuela,28045,440723,4473051,['ProgramacionDestacadaAgendaCultura']
11938338,puente de vallecas,28038,443950,4469433,['CuentacuentosTiteresMarionetas']
11930760,hortaleza,28043,444516,4479119,['TeatroPerformance']
11936940,villaverde,28021,441277,4466932,['CuentacuentosTiteresMarionetas']
11932873,vicalvaro,28032,448357,4472920,['Musica']
11663132,fuencarral-el pardo,28029,438848,4482487,['ComemoracionesHomenajes']
11940819,latina,28044,436578,4473235,['Exposiciones']
11883518,hortaleza,28043,444876,4479190,['CursosTalleres']
11941724,tetuan,28020,440328,4477957,['ExcursionesItinerariosVisitas']
11944488,retiro,28007,441967,4474495,['TeatroPerformance']
11945658,salamanca,28001,443760,4474815,['CuentacuentosTiteresMarionetas']
11954905,san blas-canillejas,28022,448023,4477305,['CineActividadesAudiovisuales']
11942584,arganzuela,28045,440946,4471422,['ProgramacionDestacadaAgendaCultura']
11913733,villa de vallecas,28031,448550,4470424,['1ciudad21distritos']
11912865,vicalvaro,28032,447278,4472321,['1ciudad21distritos']
11958737,villa de vallecas,28031,447107,4470075,['TeatroPerformance']
11912227,san blas-canillejas,28022,446636,4477644,['CursosTalleres']
11678622,fuencarral-el pardo,28029,439867,4481122,['CursosTalleres']
11933168,usera,28026,439248,4469889,"['DanzaBaile', 'FolcloreEtnica']"
11905891,arganzuela,28045,440713,4471660,['1ciudad21distritos']
11743939,salamanca,28001,441476,4475151,['CursosTalleres']
11950890,arganzuela,28045,440946,4471422,['ProgramacionDestacadaAgendaCultura']
11957606,ciudad lineal,28037,444825,4475074,['ProgramacionDestacadaAgendaCultura']
11874607,arganzuela,28045,440825,4471546,['ProgramacionDestacadaAgendaCultura']
11957206,san blas-canillejas,28022,449282,4477702,['TeatroPerformance']
10631940,fuencarral-el pardo,28029,438848,4482487,['CursosTalleres']
11939285,villa de vallecas,28031,446579,4469157,['CursosTalleres']
11945347,moncloa-aravaca,28008,437516,4475994,['TeatroPerformance']
11959083,villa de vallecas,28031,448352,4470258,['ActividadesCalleArteUrbano']
10631962,fuencarral-el pardo,28029,438848,4482487,['CursosTalleres']
11958908,villa de vallecas,28031,447107,4470075,['CineActividadesAudiovisuales']
11951193,retiro,28007,443307,4472652,['CineActividadesAudiovisuales']
11925599,retiro,28007,441277,4474496,['DanzaBaile']
11910909,latina,28044,433786,4470559,['DanzaBaile']
11931821,san blas-canillejas,28022,447255,4474591,['Exposiciones']
11693981,arganzuela,28045,440825,4471546,['TeatroPerformance']
11958011,centro,28013,441134,4473558,['Exposiciones']
11945196,arganzuela,28045,440586,4471782,['Exposiciones']
11946801,retiro,28007,442812,4472042,['TeatroPerformance']
11940738,salamanca,28001,441502,4475253,['CuentacuentosTiteresMarionetas']
11768325,centro,28013,439759,4475508,['ProgramacionDestacadaAgendaCultura']
11854074,latina,28044,434954,4472113,['CursosTalleres']
11577563,fuencarral-el pardo,28029,441699,4482933,['CursosTalleres']
11577564,fuencarral-el pardo,28029,434105,4485730,['CursosTalleres']
11577565,fuencarral-el pardo,28029,441699,4482933,['CursosTalleres']
11577566,fuencarral-el pardo,28029,434105,4485730,['CursosTalleres']
11942494,arganzuela,28045,440586,4471782,['Exposiciones']
11932565,vicalvaro,28032,447278,4472321,['DanzaBaile']
11938375,carabanchel,28025,436243,4469562,['CircoMagia']
11768289,centro,28013,439759,4475508,['RecitalesPresentacionesActosLiterarios']
11756484,centro,28013,439759,4475508,['ProgramacionDestacadaAgendaCultura']
11768376,centro,28013,439759,4475508,['ProgramacionDestacadaAgendaCultura']
11932380,san blas-canillejas,28022,451431,4477509,['Exposiciones']
11853079,centro,28013,439759,4475508,['ProgramacionDestacadaAgendaCultura']
11958846,villa de vallecas,28031,447107,4470075,['Musica']
11912871,chamberi,28010,439741,4476139,['DanzaBaile']
11937235,fuencarral-el pardo,28029,434105,4485730,['CircoMagia']
11939875,puente de vallecas,28038,443950,4469433,['CircoMagia']
11932569,vicalvaro,28032,447278,4472321,['DanzaBaile']
11921801,usera,28026,439879,4469031,['Musica']
11951671,tetuan,28020,440328,4477957,['CursosTalleres']
11955767,latina,28044,435820,4471982,['RecitalesPresentacionesActosLiterarios']
11932472,centro,28013,439723,4475438,['Exposiciones']
11932065,san blas-canillejas,28022,449282,4477702,['CursosTalleres']
11920633,retiro,28007,441277,4474496,['CursosTalleres']
11944730,barajas,28042,450961,4480464,['Musica']
11944717,barajas,28042,450961,4480464,['RecitalesPresentacionesActosLiterarios']
11940807,tetuan,28020,440628,4478947,['CursosTalleres']
11920608,retiro,28007,441277,4474496,['CursosTalleres']
11768292,centro,28013,439759,4475508,['ProgramacionDestacadaAgendaCultura']
11931051,san blas-canillejas,28022,447255,4474591,['DanzaBaile']
11959031,villa de vallecas,28031,447581,4470145,['ActividadesCalleArteUrbano']
11940048,salamanca,28001,442103,4475356,['Exposiciones']
11888075,chamberi,28010,439412,4476170,['ActividadesDeportivas']
11941817,arganzuela,28045,440723,4473051,['ProgramacionDestacadaAgendaCultura']
11944518,fuencarral-el pardo,28029,438850,4481314,['ComemoracionesHomenajes']
11735898,salamanca,28001,441476,4475151,['ProgramacionDestacadaAgendaCultura']
11883109,hortaleza,28043,444876,4479190,['CursosTalleres']
11883108,hortaleza,28043,444876,4479190,['CursosTalleres']
11932712,ciudad lineal,28037,444705,4474959,['ConferenciasColoquios']
11735889,salamanca,28001,441476,4475151,['ProgramacionDestacadaAgendaCultura']
11924046,arganzuela,28045,440723,4473051,['ProgramacionDestacadaAgendaCultura']
11932690,usera,28026,441188,4469184,['Exposiciones']
11944853,latina,28044,435820,4471982,['CuentacuentosTiteresMarionetas']
11933319,usera,28026,439248,4469889,"['DanzaBaile', 'FolcloreEtnica']"
11933482,usera,28026,439248,4469889,"['DanzaBaile', 'FolcloreEtnica']"
11896876,fuencarral-el pardo,28029,438850,4481314,['CuentacuentosTiteresMarionetas']
11959674,barajas,28042,449784,4480499,['CursosTalleres']
11956821,san blas-canillejas,28022,447255,4474591,['DanzaBaile']
11893225,san blas-canillejas,28022,448534,4477771,['CursosTalleres']
11948311,hortaleza,28043,444876,4479190,['CursosTalleres']
11923745,retiro,28007,441277,4474496,['CursosTalleres']
11920446,retiro,28007,441277,4474496,['ProgramacionDestacadaAgendaCultura']
11945521,hortaleza,28043,444876,4479190,['CursosTalleres']
11944347,fuencarral-el pardo,28029,441892,4485296,['Musica']
11933832,usera,28026,439248,4469889,"['DanzaBaile', 'FolcloreEtnica']"
11948272,fuencarral-el pardo,28029,441386,4482508,['CineActividadesAudiovisuales']
11717104,retiro,28007,441277,4474496,['ActividadesCalleArteUrbano']
11946829,hortaleza,28043,444469,4482391,['Exposiciones']
11944118,arganzuela,28045,440946,4471422,['ProgramacionDestacadaAgendaCultura']
11950514,san blas-canillejas,28022,448534,4477771,['CursosTalleres']
11930205,arganzuela,28045,440676,4471620,['CursosTalleres']
11930210,villaverde,28021,441277,4466932,['CursosTalleres']
11930213,arganzuela,28045,440676,4471620,['CursosTalleres']
11930261,villaverde,28021,441277,4466932,['CursosTalleres']
11344616,fuencarral-el pardo,28029,438848,4482487,['CursosTalleres']
11959661,barajas,28042,449784,4480499,['Exposiciones']
11700097,barajas,28042,449784,4480499,['Exposiciones']
11943200,barajas,28042,449784,4480499,['Exposiciones']
11893355,chamberi,28010,439412,4476170,['CursosTalleres']
11939510,moratalaz,28030,444520,4473567,['CursosTalleres']
11959622,barajas,28042,449784,4480499,['CursosTalleres']
11887101,barajas,28042,449784,4480499,['EnLinea']
11893500,chamberi,28010,439412,4476170,['CursosTalleres']
11886030,barajas,28042,449784,4480499,['CursosTalleres']
11957507,san blas-canillejas,28022,451431,4477509,"['Musica', 'Zarzuela']"
11946656,retiro,28007,442812,4472042,['Musica']
11944524,fuencarral-el pardo,28029,438850,4481314,['ComemoracionesHomenajes']
11937074,latina,28044,436578,4473235,"['TeatroPerformance', 'ComediaMonologo']"
11946510,chamartin,28002,443189,4479129,['CursosTalleres']
11938328,carabanchel,28025,439136,4471474,['Exposiciones']
11946387,latina,28044,436800,4471778,['CursosTalleres']
11919177,latina,28044,436800,4471778,['CursosTalleres']
11941226,puente de vallecas,28038,443532,4471268,['ExcursionesItinerariosVisitas']
11942407,moratalaz,28030,444577,4473403,['Exposiciones']
11932867,vicalvaro,28032,448357,4472920,['Musica']
11946462,hortaleza,28043,444516,4479119,['Musica']
11925592,retiro,28007,441277,4474496,['Musica']
11944193,tetuan,28020,440857,4480052,['TeatroPerformance']
11940843,tetuan,28020,440258,4477792,['RecitalesPresentacionesActosLiterarios']
11942976,usera,28026,441823,4468948,"['ActividadesDeportivas', 'Tenis']"
11955685,salamanca,28001,441476,4475151,['ProgramacionDestacadaAgendaCultura']
11955683,salamanca,28001,441476,4475151,['ProgramacionDestacadaAgendaCultura']
11955687,salamanca,28001,441476,4475151,['ProgramacionDestacadaAgendaCultura']
11955693,salamanca,28001,441476,4475151,['ProgramacionDestacadaAgendaCultura']
11955691,salamanca,28001,441476,4475151,['ProgramacionDestacadaAgendaCultura']
11957616,ciudad lineal,28037,444825,4475074,['ProgramacionDestacadaAgendaCultura']
11693994,centro,28013,440597,4474036,['ProgramacionDestacadaAgendaCultura']
11937164,latina,28044,433622,4470101,['TeatroPerformance']
11941316,latina,28044,435819,4471933,['TeatroPerformance']
11941028,arganzuela,28045,440946,4471422,['ProgramacionDestacadaAgendaCultura']
11939036,villa de vallecas,28031,446579,4469157,['CursosTalleres']
11887721,latina,28044,436800,4471778,['CursosTalleres']
11912837,hortaleza,28043,444516,4479119,['1ciudad21distritos']
11950907,arganzuela,28045,440946,4471422,['ProgramacionDestacadaAgendaCultura']
11937121,latina,28044,436432,4472601,['TeatroPerformance']
11894135,chamberi,28010,439412,4476170,['CursosTalleres']
11768295,centro,28013,439759,4475508,['ProgramacionDestacadaAgendaCultura']
11888316,villa de vallecas,28031,446579,4469157,['CursosTalleres']
11920601,retiro,28007,441277,4474496,['CursosTalleres']
11945159,moratalaz,28030,446144,4473328,['Musica']
11946920,moncloa-aravaca,28008,439028,4476311,['Exposiciones']
11920600,retiro,28007,441277,4474496,['CursosTalleres']
11955922,latina,28044,435330,4470783,['DanzaBaile']
11937786,arganzuela,28045,442152,4471501,['1ciudad21distritos']
11946817,hortaleza,28043,444469,4482391,['Musica']
11946809,hortaleza,28043,444469,4482391,['Musica']
11292799,fuencarral-el pardo,28029,438848,4482487,['CursosTalleres']
11950897,arganzuela,28045,440946,4471422,['ProgramacionDestacadaAgendaCultura']
11948583,arganzuela,28045,440723,4473051,['ProgramacionDestacadaAgendaCultura']
11951229,retiro,28007,441967,4474495,['Musica']
11949062,usera,28026,440472,4468702,['RecitalesPresentacionesActosLiterarios']
11768193,centro,28013,439759,4475508,['ProgramacionDestacadaAgendaCultura']
11945522,salamanca,28001,443760,4474815,['ClubesLectura']
11934567,usera,28026,439248,4469889,"['DanzaBaile', 'FolcloreEtnica']"
11958196,ciudad lineal,28037,445948,4476395,['CuentacuentosTiteresMarionetas']
11940768,latina,28044,435330,4470783,['FiestasSemanaSanta']
11952034,latina,28044,435330,4470783,['FiestasSemanaSanta']
11955417,retiro,28007,441967,4474495,['TeatroPerformance']
11922900,retiro,28007,441748,4474466,['CuentacuentosTiteresMarionetas']
11941042,arganzuela,28045,440946,4471422,['ProgramacionDestacadaAgendaCultura']
11948433,ciudad lineal,28037,445948,4476395,['Musica']
11768370,centro,28013,439759,4475508,['ProgramacionDestacadaAgendaCultura']
11887622,fuencarral-el pardo,28029,441386,4482508,['CursosTalleres']
11790559,fuencarral-el pardo,28029,439894,4481167,['CineActividadesAudiovisuales']
11896857,retiro,28007,441277,4474496,['ProgramacionDestacadaAgendaCultura']
11957289,san blas-canillejas,28022,449282,4477702,['CuentacuentosTiteresMarionetas']
11933819,carabanchel,28025,438891,4472167,['ConferenciasColoquios']
11933864,carabanchel,28025,438891,4472167,['ConferenciasColoquios']
11933791,carabanchel,28025,438891,4472167,['ConferenciasColoquios']
11933853,carabanchel,28025,438891,4472167,['ConferenciasColoquios']
11934563,usera,28026,439248,4469889,"['DanzaBaile', 'FolcloreEtnica']"
11947024,arganzuela,28045,440723,4473051,['ProgramacionDestacadaAgendaCultura']
11950905,arganzuela,28045,440946,4471422,['ProgramacionDestacadaAgendaCultura']
11956047,salamanca,28001,441476,4475151,['ProgramacionDestacadaAgendaCultura']
11934700,usera,28026,439248,4469889,"['DanzaBaile', 'FolcloreEtnica']"
11946856,hortaleza,28043,444469,4482391,['CursosTalleres']
11885038,carabanchel,28025,438758,4471886,['CursosTalleres']
11885107,carabanchel,28025,438758,4471886,['CursosTalleres']
11909695,villa de vallecas,28031,448550,4470424,['TeatroPerformance']
11912074,san blas-canillejas,28022,446636,4477644,['TeatroPerformance']
11911941,san blas-canillejas,28022,446636,4477644,['TeatroPerformance']
11944305,centro,28013,440474,4473465,['Exposiciones']
11919142,chamartin,28002,442656,4477714,['Exposiciones']
11934118,usera,28026,439248,4469889,"['DanzaBaile', 'FolcloreEtnica']"
11748362,barajas,28042,447867,4478996,['ActividadesDeportivas']
11884735,tetuan,28020,440857,4480052,['ConferenciasColoquios']
11932982,usera,28026,439248,4469889,"['DanzaBaile', 'FolcloreEtnica']"
11945864,moncloa-aravaca,28008,439028,4476311,['TeatroPerformance']
11957533,san blas-canillejas,28022,448119,4477485,['CuentacuentosTiteresMarionetas']
11922500,retiro,28007,441748,4474466,['CuentacuentosTiteresMarionetas']
11945706,moncloa-aravaca,28008,439102,4478967,['ConferenciasColoquios']
11911177,barajas,28042,449784,4480499,['CursosTalleres']
11933500,usera,28026,439248,4469889,"['DanzaBaile', 'FolcloreEtnica']"
11933865,usera,28026,439248,4469889,"['DanzaBaile', 'FolcloreEtnica']"
11933255,usera,28026,439248,4469889,"['DanzaBaile', 'FolcloreEtnica']"
11910632,hortaleza,28043,444469,4482391,['1ciudad21distritos']
11910635,hortaleza,28043,444469,4482391,['1ciudad21distritos']
11905919,tetuan,28020,440857,4480052,['1ciudad21distritos']
11905920,tetuan,28020,440857,4480052,['1ciudad21distritos']
11934706,usera,28026,439248,4469889,"['DanzaBaile', 'FolcloreEtnica']"
11956321,centro,28013,440645,4475347,['CuentacuentosTiteresMarionetas']
11950489,ciudad lineal,28037,444580,4477056,['CursosTalleres']
11952931,centro,28013,440597,4474036,['TeatroPerformance']
11952939,centro,28013,440597,4474036,['TeatroPerformance']
11951864,latina,28044,436578,4473235,['DanzaBaile']
11920609,ciudad lineal,28037,444580,4477056,['CursosTalleres']
11934701,usera,28026,439248,4469889,"['DanzaBaile', 'FolcloreEtnica']"
11940960,arganzuela,28045,440946,4471422,['CursosTalleres']
11944676,latina,28044,433622,4470101,['CircoMagia']
11932129,usera,28026,440301,4469524,['CineActividadesAudiovisuales']
11884631,arganzuela,28045,440676,4471620,['CursosTalleres']
11949940,centro,28013,439775,4473962,['CursosTalleres']
11693861,centro,28013,440597,4474036,['TeatroPerformance']
11948222,fuencarral-el pardo,28029,441892,4485296,['CursosTalleres']
11938408,carabanchel,28025,438232,4470949,['TeatroPerformance']
11937079,latina,28044,436578,4473235,"['TeatroPerformance', 'ComediaMonologo']"
11735901,salamanca,28001,441476,4475151,['ProgramacionDestacadaAgendaCultura']
11948120,arganzuela,28045,440946,4471422,['ProgramacionDestacadaAgendaCultura']
11948113,arganzuela,28045,440946,4471422,['ProgramacionDestacadaAgendaCultura']
11948112,arganzuela,28045,440946,4471422,['ProgramacionDestacadaAgendaCultura']
11948100,arganzuela,28045,440946,4471422,['ProgramacionDestacadaAgendaCultura']
11953385,retiro,28007,441967,4474495,['TeatroPerformance']
11948103,arganzuela,28045,440946,4471422,['ProgramacionDestacadaAgendaCultura']
11940811,latina,28044,436578,4473235,"['DanzaBaile', 'FolcloreEtnica']"
11905929,retiro,28007,441967,4474495,['1ciudad21distritos']
11905927,chamberi,28010,439741,4476139,['1ciudad21distritos']
11941402,latina,28044,437830,4473132,['Musica']
11833849,san blas-canillejas,28022,448214,4476029,['ClubesLectura']
11761088,tetuan,28020,439755,4478779,['ClubesLectura']
11760908,centro,28013,440645,4475347,['ClubesLectura']
11793731,chamartin,28002,442766,4477922,['ClubesLectura']
11940213,puente de vallecas,28038,442974,4470850,['Musica']
11955875,hortaleza,28043,444461,4482397,['RecitalesPresentacionesActosLiterarios']
11955950,fuencarral-el pardo,28029,439867,4481122,['RecitalesPresentacionesActosLiterarios']
11957677,villa de vallecas,28031,448550,4470424,['ConferenciasColoquios']
11754610,villaverde,28021,439286,4466819,['CursosTalleres']
11958977,villa de vallecas,28031,448205,4469500,['ActividadesCalleArteUrbano']
11884698,arganzuela,28045,440676,4471620,['CursosTalleres']
11921190,arganzuela,28045,440676,4471620,['CursosTalleres']
11938998,carabanchel,28025,438232,4470949,['TeatroPerformance']
11937049,latina,28044,434222,4472418,['TeatroPerformance']
11940995,salamanca,28001,441502,4475253,['ConferenciasColoquios']
11940934,salamanca,28001,441502,4475253,['ConferenciasColoquios']
11937178,latina,28044,437830,4473132,"['TeatroPerformance', 'ComediaMonologo']"
11942808,arganzuela,28045,440586,4471782,['TeatroPerformance']
11956862,san blas-canillejas,28022,447255,4474591,['TeatroPerformance']
11957946,ciudad lineal,28037,444202,4478162,['TeatroPerformance']
11939455,moratalaz,28030,444520,4473567,['CursosTalleres']
11941502,moratalaz,28030,444520,4473567,['CursosTalleres']
11815459,tetuan,28020,439755,4478779,['CursosTalleres']
11759300,centro,28013,440645,4475347,['CursosTalleres']
11792672,chamartin,28002,442766,4477922,['CursosTalleres']
11764235,centro,28013,439775,4473962,['CursosTalleres']
11833673,san blas-canillejas,28022,448214,4476029,['CursosTalleres']
11814410,centro,28013,439775,4473962,['CursosTalleres']
11814760,centro,28013,440645,4475347,['CursosTalleres']
11813700,chamartin,28002,442766,4477922,['CursosTalleres']
11945820,retiro,28007,441779,4473428,['Fiestas']
11940479,fuencarral-el pardo,28029,441699,4482933,['ConferenciasColoquios']
11933445,usera,28026,439248,4469889,"['DanzaBaile', 'FolcloreEtnica']"
11827513,centro,28013,440645,4475347,['CineActividadesAudiovisuales']
11958700,villa de vallecas,28031,447107,4470075,['Exposiciones']
11768304,centro,28013,439759,4475508,['ProgramacionDestacadaAgendaCultura']
11693857,centro,28013,440597,4474036,['TeatroPerformance']
11950464,centro,28013,440597,4474036,['TeatroPerformance']
11944918,fuencarral-el pardo,28029,441386,4482508,['TeatroPerformance']
11941421,ciudad lineal,28037,444580,4477056,['CursosTalleres']
11944206,arganzuela,28045,440979,4472617,['TeatroPerformance']
11925602,retiro,28007,441967,4474495,['1ciudad21distritos']
11933889,usera,28026,439248,4469889,"['DanzaBaile', 'FolcloreEtnica']"
11948634,chamberi,28010,439412,4476170,['ExcursionesItinerariosVisitas']
11934707,usera,28026,439248,4469889,"['DanzaBaile', 'FolcloreEtnica']"
11887446,villa de vallecas,28031,446579,4469157,['CursosTalleres']
11958879,villa de vallecas,28031,447107,4470075,['FiestasSanIsidro']
11934569,usera,28026,439248,4469889,"['DanzaBaile', 'FolcloreEtnica']"
11954288,arganzuela,28045,440946,4471422,['ProgramacionDestacadaAgendaCultura']
11946597,retiro,28007,441967,4474495,['TeatroPerformance']
11952941,centro,28013,440597,4474036,['TeatroPerformance']
11952929,centro,28013,440597,4474036,['TeatroPerformance']
11907590,centro,28013,439775,4473962,['ConcursosCertamenes']
11925595,retiro,28007,441277,4474496,['ProgramacionDestacadaAgendaCultura']
11939550,retiro,28007,442360,4473388,['ItinerariosOtrasActividadesAmbientales']
11601947,retiro,28007,442360,4473388,['ItinerariosOtrasActividadesAmbientales']
11940544,retiro,28007,442360,4473388,['ItinerariosOtrasActividadesAmbientales']
11941352,latina,28044,436432,4472601,['Exposiciones']
11883341,moratalaz,28030,444520,4473567,['CursosTalleres']
11768286,centro,28013,439759,4475508,['ProgramacionDestacadaAgendaCultura']
11912827,latina,28044,435330,4470783,['DanzaBaile']
11294308,fuencarral-el pardo,28029,441233,4481384,['CursosTalleres']
11934568,usera,28026,439248,4469889,"['DanzaBaile', 'FolcloreEtnica']"
11934067,usera,28026,439248,4469889,"['DanzaBaile', 'FolcloreEtnica']"
11942574,arganzuela,28045,440946,4471422,['ProgramacionDestacadaAgendaCultura']
11156310,fuencarral-el pardo,28029,441233,4481384,['CursosTalleres']
11938923,tetuan,28020,440628,4478947,['CursosTalleres']
11882130,ciudad lineal,28037,444705,4474959,['CursosTalleres']
11957876,villa de vallecas,28031,447107,4470075,['ConferenciasColoquios']
11959743,arganzuela,28045,440946,4471422,['CursosTalleres']
10878666,chamartin,28002,442656,4477714,['CursosTalleres']
11940791,latina,28044,433786,4470559,"['Musica', 'CantautorFolkCountry']"
11957744,villa de vallecas,28031,448550,4470424,['Musica']
11903521,san blas-canillejas,28022,449282,4477702,['Exposiciones']
11879739,arganzuela,28045,440723,4473051,['ProgramacionDestacadaAgendaCultura']
11944854,moncloa-aravaca,28008,437516,4475994,['CineActividadesAudiovisuales']
10343747,fuencarral-el pardo,28029,439894,4481167,['CursosTalleres']
10343762,fuencarral-el pardo,28029,439894,4481167,['CursosTalleres']
11883342,hortaleza,28043,444876,4479190,['CursosTalleres']
11735895,salamanca,28001,441476,4475151,['ProgramacionDestacadaAgendaCultura']
11920007,retiro,28007,441277,4474496,['ProgramacionDestacadaAgendaCultura']
11946867,hortaleza,28043,444469,4482391,['DanzaBaile']
11913762,centro,28013,439593,4473220,['1ciudad21distritos']
11912831,arganzuela,28045,440979,4472617,['1ciudad21distritos']
11912860,tetuan,28020,440857,4480052,['DanzaBaile']
11872191,retiro,28007,441277,4474496,['CursosTalleres']
11871942,retiro,28007,441277,4474496,['CursosTalleres']
11872021,retiro,28007,441277,4474496,['CursosTalleres']
11871871,retiro,28007,441277,4474496,['CursosTalleres']
11872097,retiro,28007,441277,4474496,['CursosTalleres']
11896769,hortaleza,28043,444516,4479119,['DanzaBaile']
11910121,villa de vallecas,28031,448550,4470424,['ConferenciasColoquios']
11884550,vicalvaro,28032,448473,4472636,['CursosTalleres']
11958686,villa de vallecas,28031,448550,4470424,['ConferenciasColoquios']
11958553,retiro,28007,442345,4474221,['Musica']
11934571,usera,28026,439248,4469889,"['DanzaBaile', 'FolcloreEtnica']"
11944333,fuencarral-el pardo,28029,441892,4485296,['CuentacuentosTiteresMarionetas']
11947244,retiro,28007,442527,4472618,['CineActividadesAudiovisuales']
11938086,tetuan,28020,440258,4477792,['RecitalesPresentacionesActosLiterarios']
11920624,retiro,28007,441277,4474496,['CursosTalleres']
11957880,chamartin,28002,441962,4479867,['CuentacuentosTiteresMarionetas']
11748047,salamanca,28001,442103,4475356,"['ActividadesDeportivas', 'Ajedrez']"
11497744,latina,28044,434954,4472113,['CursosTalleres']
11933734,usera,28026,439248,4469889,"['DanzaBaile', 'FolcloreEtnica']"
11933202,usera,28026,439248,4469889,"['DanzaBaile', 'FolcloreEtnica']"
11938409,vicalvaro,28032,448357,4472920,['CursosTalleres']
11933039,usera,28026,439248,4469889,"['DanzaBaile', 'FolcloreEtnica']"
11933580,usera,28026,439248,4469889,"['DanzaBaile', 'FolcloreEtnica']"
11941451,chamartin,28002,443189,4479129,['CursosTalleres']
11756649,barajas,28042,449661,4479046,['CursosTalleres']
11919371,hortaleza,28043,445579,4480884,['CursosTalleres']
11939978,villaverde,28021,441066,4467547,['CursosTalleres']
11932200,usera,28026,440301,4469524,['CursosTalleres']
11893844,chamberi,28010,439412,4476170,['CursosTalleres']
11885510,carabanchel,28025,438758,4471886,['CursosTalleres']
11933618,usera,28026,439248,4469889,"['DanzaBaile', 'FolcloreEtnica']"
11938717,retiro,28007,442360,4473388,['ItinerariosOtrasActividadesAmbientales']
11946730,hortaleza,28043,445579,4480884,"['DanzaBaile', 'Flamenco']"
11944390,arganzuela,28045,440979,4472617,['CursosTalleres']
11887909,chamartin,28002,443189,4479129,['CursosTalleres']
11947813,puente de vallecas,28038,443107,4470541,['ConferenciasColoquios']
10791370,chamartin,28002,442656,4477714,['CursosTalleres']
10861785,chamartin,28002,442656,4477714,['CursosTalleres']
11939244,villa de vallecas,28031,446579,4469157,['ClubesLectura']
11934104,usera,28026,439248,4469889,"['DanzaBaile', 'FolcloreEtnica']"
11938180,usera,28026,441188,4469184,['CursosTalleres']
11933407,usera,28026,439248,4469889,"['DanzaBaile', 'FolcloreEtnica']"
11944613,usera,28026,439703,4468958,['ActividadesCalleArteUrbano']
11932121,usera,28026,440301,4469524,['CursosTalleres']
11782633,villaverde,28021,440472,4465148,['ActividadesEscolares']
11939884,retiro,28007,442360,4473388,['ItinerariosOtrasActividadesAmbientales']
11933050,usera,28026,439248,4469889,"['DanzaBaile', 'FolcloreEtnica']"
11912001,centro,28013,439759,4475508,['ProgramacionDestacadaAgendaCultura']
11911878,centro,28013,439759,4475508,['ProgramacionDestacadaAgendaCultura']
11950671,villaverde,28021,440472,4465148,['CursosTalleres']
11945810,retiro,28007,441779,4473428,['Fiestas']
11765626,arganzuela,28045,440713,4471660,['CursosTalleres']
11934603,salamanca,28001,441476,4475151,['ProgramacionDestacadaAgendaCultura']
11933030,usera,28026,439248,4469889,"['DanzaBaile', 'FolcloreEtnica']"
11952273,centro,28013,440047,4474058,['ActosReligiosos']
11941487,moratalaz,28030,444520,4473567,['CursosTalleres']
11934295,usera,28026,439248,4469889,"['DanzaBaile', 'FolcloreEtnica']"
11957931,chamartin,28002,442766,4477922,['CursosTalleres']
11919393,hortaleza,28043,445579,4480884,['Exposiciones']
11804402,latina,28044,434954,4472113,['CursosTalleres']
11911454,usera,28026,439703,4468958,['CursosTalleres']
11890886,moratalaz,28030,444520,4473567,['CursosTalleres']
11882835,hortaleza,28043,444876,4479190,['TeatroPerformance']
11693867,centro,28013,440597,4474036,['ProgramacionDestacadaAgendaCultura']
11948722,villaverde,28021,442482,4466908,['TeatroPerformance']
11936754,villaverde,28021,441066,4467547,['Musica']
11961066,villaverde,28021,441066,4467547,['Musica']
11948116,villaverde,28021,442482,4466908,['TeatroPerformance']
11941050,tetuan,28020,440857,4480052,['TeatroPerformance']
11939949,tetuan,28020,440857,4480052,['TeatroPerformance']
11941052,tetuan,28020,440857,4480052,['TeatroPerformance']
11933549,usera,28026,439248,4469889,"['DanzaBaile', 'FolcloreEtnica']"
11958014,centro,28013,441134,4473558,['Exposiciones']
11952133,usera,28026,439703,4468958,['CursosTalleres']
11886187,barajas,28042,449784,4480499,['CursosTalleres']
11946966,latina,28044,435819,4471933,['CursosTalleres']
11943265,chamberi,28010,439412,4476170,['CursosTalleres']
11790555,fuencarral-el pardo,28029,439894,4481167,['TeatroPerformance']
11952935,centro,28013,440597,4474036,['TeatroPerformance']
11906657,centro,28013,439593,4473220,['1ciudad21distritos']
11887984,chamartin,28002,443189,4479129,['ConferenciasColoquios']
11946657,hortaleza,28043,445579,4480884,['Musica']
11887903,retiro,28007,442345,4474221,['RecitalesPresentacionesActosLiterarios']
11887905,retiro,28007,442345,4474221,['RecitalesPresentacionesActosLiterarios']
11887899,retiro,28007,442345,4474221,['RecitalesPresentacionesActosLiterarios']
11887901,retiro,28007,442345,4474221,['RecitalesPresentacionesActosLiterarios']
11883622,centro,28013,439775,4473962,['CursosTalleres']
11946991,ciudad lineal,28037,444580,4477056,['CineActividadesAudiovisuales']
11939905,puente de vallecas,28038,442974,4470850,['CineActividadesAudiovisuales']
11954283,arganzuela,28045,440946,4471422,['ProgramacionDestacadaAgendaCultura']
11939470,puente de vallecas,28038,443950,4469433,['DanzaBaile']
11896779,hortaleza,28043,444516,4479119,['DanzaBaile']
11934559,usera,28026,439248,4469889,"['DanzaBaile', 'FolcloreEtnica']"
11943034,arganzuela,28045,440586,4471782,['TeatroPerformance']
11897260,retiro,28007,441277,4474496,['ProgramacionDestacadaAgendaCultura']
11896732,retiro,28007,442345,4474221,['ConferenciasColoquios']
11947702,carabanchel,28025,438758,4471886,['CineActividadesAudiovisuales']
11934692,usera,28026,439248,4469889,"['DanzaBaile', 'FolcloreEtnica']"
11934566,usera,28026,439248,4469889,"['DanzaBaile', 'FolcloreEtnica']"
11934022,usera,28026,439248,4469889,"['DanzaBaile', 'FolcloreEtnica']"
11907587,retiro,28007,442345,4474221,['ConcursosCertamenes']
11907547,centro,28013,439775,4473962,['ConcursosCertamenes']
11768322,centro,28013,439759,4475508,['RecitalesPresentacionesActosLiterarios']
11941038,arganzuela,28045,440946,4471422,['ProgramacionDestacadaAgendaCultura']
11920495,retiro,28007,441277,4474496,['ProgramacionDestacadaAgendaCultura']
11913917,retiro,28007,442345,4474221,['ConferenciasColoquios']
11932893,barajas,28042,450961,4480464,['1ciudad21distritos']
11957802,villa de vallecas,28031,447107,4470075,['Exposiciones']
11921783,usera,28026,439670,4470445,['Musica']
11565450,chamartin,28002,442656,4477714,['Musica']
11940871,latina,28044,434222,4472418,['Musica']
11870323,arganzuela,28045,440828,4471551,['CursosTalleres']
11936844,villaverde,28021,441277,4466932,"['TeatroPerformance', 'ComediaMonologo']"
11958099,villa de vallecas,28031,447581,4470145,['ActividadesCalleArteUrbano']
11937230,latina,28044,437830,4473132,"['TeatroPerformance', 'ComediaMonologo']"
11932994,usera,28026,439248,4469889,"['DanzaBaile', 'FolcloreEtnica']"
11913910,retiro,28007,442345,4474221,['ConferenciasColoquios']
11951897,arganzuela,28045,440946,4471422,['CursosTalleres']
11939139,villa de vallecas,28031,446579,4469157,['ClubesLectura']
11958252,moncloa-aravaca,28008,439102,4478967,['ExcursionesItinerariosVisitas']
11768394,centro,28013,439759,4475508,['ProgramacionDestacadaAgendaCultura']
11950909,arganzuela,28045,440946,4471422,['ProgramacionDestacadaAgendaCultura']
11945041,fuencarral-el pardo,28029,439867,4481122,['Musica']
11951722,tetuan,28020,440328,4477957,['CursosTalleres']
11693942,arganzuela,28045,440825,4471546,['TeatroPerformance']
11946134,moncloa-aravaca,28008,439028,4476311,['TeatroPerformance']
11916384,arganzuela,28045,440825,4471546,['TeatroPerformance']
11944351,moncloa-aravaca,28008,438998,4479816,['TeatroPerformance']
11920011,retiro,28007,441277,4474496,['ProgramacionDestacadaAgendaCultura']
11806152,san blas-canillejas,28022,448214,4476029,['CursosTalleres']
11933137,usera,28026,439248,4469889,"['DanzaBaile', 'FolcloreEtnica']"
11945838,vicalvaro,28032,449367,4473005,['1ciudad21distritos']
11940792,latina,28044,433786,4470559,['Exposiciones']
11945531,carabanchel,28025,438758,4471886,['CursosTalleres']
11148281,fuencarral-el pardo,28029,441233,4481384,['ComemoracionesHomenajes']
11932161,san blas-canillejas,28022,449282,4477702,['RecitalesPresentacionesActosLiterarios']
11912808,chamartin,28002,442673,4478091,['1ciudad21distritos']
11920444,retiro,28007,441277,4474496,['ProgramacionDestacadaAgendaCultura']
11932890,moratalaz,28030,445141,4473033,['DanzaBaile']
11946349,villaverde,28021,442482,4466908,['DanzaBaile']
11946893,villaverde,28021,441587,4467180,['DanzaBaile']
11946820,salamanca,28001,441476,4475151,['ProgramacionDestacadaAgendaCultura']
11952479,puente de vallecas,28038,443532,4471268,['ExcursionesItinerariosVisitas']
11945057,chamartin,28002,442766,4477922,['RecitalesPresentacionesActosLiterarios']
11923117,salamanca,28001,441502,4475253,['Exposiciones']
11951360,retiro,28007,442345,4474221,['RecitalesPresentacionesActosLiterarios']
11948153,san blas-canillejas,28022,448534,4477771,['CineActividadesAudiovisuales']
11735907,salamanca,28001,441476,4475151,['DanzaBaile']
11921609,centro,28013,439691,4473738,['Exposiciones']
11957730,villa de vallecas,28031,448550,4470424,['ConferenciasColoquios']
11941683,hortaleza,28043,444876,4479190,['ExcursionesItinerariosVisitas']
11941762,chamartin,28002,443189,4479129,['ExcursionesItinerariosVisitas']
11941902,carabanchel,28025,438758,4471886,['ExcursionesItinerariosVisitas']
11941892,barajas,28042,449784,4480499,['ExcursionesItinerariosVisitas']
11941915,chamberi,28010,439412,4476170,['ExcursionesItinerariosVisitas']
11941911,san blas-canillejas,28022,448534,4477771,['ExcursionesItinerariosVisitas']
11940582,retiro,28007,442360,4473388,['ItinerariosOtrasActividadesAmbientales']
11950885,arganzuela,28045,440723,4473051,['ActividadesCalleArteUrbano']
11951167,retiro,28007,443307,4472652,['ExcursionesItinerariosVisitas']
11947391,villaverde,28021,442001,4471735,['ExcursionesItinerariosVisitas']
11958530,vicalvaro,28032,447278,4472321,['CursosTalleres']
11942405,vicalvaro,28032,447278,4472321,['ExcursionesItinerariosVisitas']
11945158,centro,28013,441134,4473558,['ProgramacionDestacadaAgendaCultura']
11959549,ciudad lineal,28037,444705,4474959,['ExcursionesItinerariosVisitas']
11918983,ciudad lineal,28037,444705,4474959,['ExcursionesItinerariosVisitas']
11920191,ciudad lineal,28037,444705,4474959,['ExcursionesItinerariosVisitas']
11959555,ciudad lineal,28037,444705,4474959,['ExcursionesItinerariosVisitas']
11959552,ciudad lineal,28037,444705,4474959,['ExcursionesItinerariosVisitas']
11945324,vicalvaro,28032,448473,4472636,['ExcursionesItinerariosVisitas']
11900374,arganzuela,28045,440946,4471422,['ActividadesCalleArteUrbano']
11912007,centro,28013,439759,4475508,['ProgramacionDestacadaAgendaCultura']
11916929,arganzuela,28045,440946,4471422,['ActividadesCalleArteUrbano']
11899470,retiro,28007,441277,4474496,['ExcursionesItinerariosVisitas']
11942399,moratalaz,28030,444577,4473403,['ExcursionesItinerariosVisitas']
11921959,usera,28026,440472,4468702,['TeatroPerformance']
11958608,villa de vallecas,28031,448550,4470424,['FiestasSanIsidro']
11944771,barajas,28042,450961,4480464,['Exposiciones']
11946826,hortaleza,28043,444469,4482391,['Exposiciones']
11956968,arganzuela,28045,440828,4471551,['ProgramacionDestacadaAgendaCultura']
11930959,san blas-canillejas,28022,447255,4474591,['DanzaBaile']
11955443,villa de vallecas,28031,448710,4469592,"['ActividadesDeportivas', 'CarrerasMaratones']"
11938028,puente de vallecas,28038,442974,4470850,['Exposiciones']
11768316,centro,28013,439759,4475508,['ProgramacionDestacadaAgendaCultura']
11896780,hortaleza,28043,444516,4479119,['DanzaBaile']
11942841,arganzuela,28045,440586,4471782,['TeatroPerformance']
11940470,fuencarral-el pardo,28029,441699,4482933,['TeatroPerformance']
11944297,arganzuela,28045,440979,4472617,['CineActividadesAudiovisuales']
11887495,fuencarral-el pardo,28029,441386,4482508,['ActividadesDeportivas']
11950903,arganzuela,28045,440946,4471422,['ProgramacionDestacadaAgendaCultura']
11938315,retiro,28007,442345,4474221,['RecitalesPresentacionesActosLiterarios']
11951299,ciudad lineal,28037,444705,4474959,['CineActividadesAudiovisuales']
11717863,retiro,28007,442527,4472618,['ConferenciasColoquios']
11948122,centro,28013,440645,4475347,['RecitalesPresentacionesActosLiterarios']
11930089,centro,28013,440645,4475347,['Exposiciones']
11912801,carabanchel,28025,439136,4471474,['1ciudad21distritos']
11956750,hortaleza,28043,444461,4482397,['RecitalesPresentacionesActosLiterarios']
11938034,centro,28013,439775,4473962,['ConferenciasColoquios']
11938029,centro,28013,439775,4473962,['ConferenciasColoquios']
11938865,fuencarral-el pardo,28029,439867,4481122,['RecitalesPresentacionesActosLiterarios']
11958319,tetuan,28020,439755,4478779,['RecitalesPresentacionesActosLiterarios']
11956824,retiro,28007,442345,4474221,['RecitalesPresentacionesActosLiterarios']
11958551,centro,28013,439723,4475438,['RecitalesPresentacionesActosLiterarios']
11944076,vicalvaro,28032,447278,4472321,['RecitalesPresentacionesActosLiterarios']
11959914,centro,28013,440645,4475347,['RecitalesPresentacionesActosLiterarios']
11942359,centro,28013,440645,4475347,['RecitalesPresentacionesActosLiterarios']
11952723,fuencarral-el pardo,28029,439867,4481122,['RecitalesPresentacionesActosLiterarios']
11897803,centro,28013,440645,4475347,['CineActividadesAudiovisuales']
11940694,fuencarral-el pardo,28029,439867,4481122,['RecitalesPresentacionesActosLiterarios']
11897797,centro,28013,440645,4475347,['CineActividadesAudiovisuales']
11912811,barajas,28042,450961,4480464,['1ciudad21distritos']
11912812,chamartin,28002,442714,4477836,['1ciudad21distritos']
11912815,fuencarral-el pardo,28029,434105,4485730,['1ciudad21distritos']
11912816,villaverde,28021,441277,4466932,['1ciudad21distritos']
11912853,fuencarral-el pardo,28029,434105,4485730,['1ciudad21distritos']
11932143,usera,28026,440301,4469524,['ConferenciasColoquios']
11912115,san blas-canillejas,28022,446636,4477644,['CursosTalleres']
11908599,retiro,28007,441748,4474466,['CuentacuentosTiteresMarionetas']
11948090,usera,28026,441188,4469184,['RecitalesPresentacionesActosLiterarios']
11938208,retiro,28007,442345,4474221,['ConferenciasColoquios']
11938757,villa de vallecas,28031,448550,4470424,['1ciudad21distritos']
11663150,fuencarral-el pardo,28029,441699,4482933,['CuentacuentosTiteresMarionetas']
11902646,fuencarral-el pardo,28029,438848,4482487,['CuentacuentosTiteresMarionetas']
11400136,fuencarral-el pardo,28029,441892,4485296,['CuentacuentosTiteresMarionetas']
11912304,fuencarral-el pardo,28029,439894,4481167,['CuentacuentosTiteresMarionetas']
11958033,villa de vallecas,28031,447107,4470075,['TeatroPerformance']
11744205,salamanca,28001,441476,4475151,['ProgramacionDestacadaAgendaCultura']
11768385,centro,28013,439759,4475508,['ProgramacionDestacadaAgendaCultura']
11903668,san blas-canillejas,28022,448214,4476029,['RecitalesPresentacionesActosLiterarios']
